Workbook

Sheet Tracker
A1: Reviewencer — business data tracker
A2: Generated 2026-10-21 11:52 from the live database (11,039 businesses) and SerpAPI discovery runs in data/serp/. Refresh: python scripts/data_tracker.py
A4: Category | D4: Current database (live) | O4: SerpAPI discovery | W4: Plan (you edit these)
A5: Life moment | B5: Category | C5: Slug | D5: Businesses in DB | E5: With address | F5: With emirate | G5: With logo | H5: With website | I5: With phone | J5: With map location | K5: With Google ID | L5: With Arabic name | M5: DB data completeness | N5: Published reviews | O5: Searches spent | P5: Places found | Q5: With website | R5: With phone | S5: With hours | T5: With map location | U5: 30+ Google reviews | V5: Discovery data completeness | W5: Status | X5: Target # businesses | Y5: Gap vs target | Z5: Notes
A6: Eating & drinking | B6: Restaurants | C6: restaurants | D6: 1668 | E6: 1385 | F6: 1183 | G6: 1001 | H6: 0 | I6: 0 | J6: 0 | K6: 0 | L6: 0 | M6: =IFERROR(SUM(E6:L6)/(8*D6),0) | N6: 0 | O6: 152 | P6: 2121 | Q6: 1552 | R6: 2078 | S6: 2091 | T6: 2121 | U6: 2065 | V6: =IFERROR(SUM(Q6:U6)/(5*P6),0) | W6: Discovering | Y6: =IF(X6="","",X6-P6)
A7: Eating & drinking | B7: Cafés & coffee shops | C7: cafes | D7: 0 | E7: 0 | F7: 0 | G7: 0 | H7: 0 | I7: 0 | J7: 0 | K7: 0 | L7: 0 | M7: =IFERROR(SUM(E7:L7)/(8*D7),0) | N7: 0 | O7: 102 | P7: 1740 | Q7: 1241 | R7: 1654 | S7: 1695 | T7: 1740 | U7: 1592 | V7: =IFERROR(SUM(Q7:U7)/(5*P7),0) | W7: Discovering | Y7: =IF(X7="","",X7-P7)
A8: Eating & drinking | B8: Brunch & breakfast | C8: brunch-breakfast | D8: 0 | E8: 0 | F8: 0 | G8: 0 | H8: 0 | I8: 0 | J8: 0 | K8: 0 | L8: 0 | M8: =IFERROR(SUM(E8:L8)/(8*D8),0) | N8: 0 | O8: 51 | P8: 900 | Q8: 679 | R8: 880 | S8: 892 | T8: 900 | U8: 877 | V8: =IFERROR(SUM(Q8:U8)/(5*P8),0) | W8: Discovering | Y8: =IF(X8="","",X8-P8)
A9: Eating & drinking | B9: Bakeries & patisseries | C9: bakeries-patisseries | D9: 0 | E9: 0 | F9: 0 | G9: 0 | H9: 0 | I9: 0 | J9: 0 | K9: 0 | L9: 0 | M9: =IFERROR(SUM(E9:L9)/(8*D9),0) | N9: 0 | O9: 51 | P9: 729 | Q9: 534 | R9: 702 | S9: 717 | T9: 729 | U9: 646 | V9: =IFERROR(SUM(Q9:U9)/(5*P9),0) | W9: Discovering | Y9: =IF(X9="","",X9-P9)
A10: Eating & drinking | B10: Sweets & desserts | C10: sweets-desserts | D10: 0 | E10: 0 | F10: 0 | G10: 0 | H10: 0 | I10: 0 | J10: 0 | K10: 0 | L10: 0 | M10: =IFERROR(SUM(E10:L10)/(8*D10),0) | N10: 0 | O10: 51 | P10: 809 | Q10: 616 | R10: 776 | S10: 800 | T10: 809 | U10: 742 | V10: =IFERROR(SUM(Q10:U10)/(5*P10),0) | W10: Discovering | Y10: =IF(X10="","",X10-P10)
A11: Eating & drinking | B11: Bars & lounges | C11: bars-lounges | D11: 0 | E11: 0 | F11: 0 | G11: 0 | H11: 0 | I11: 0 | J11: 0 | K11: 0 | L11: 0 | M11: =IFERROR(SUM(E11:L11)/(8*D11),0) | N11: 0 | O11: 0 | P11: 0 | Q11: 0 | R11: 0 | S11: 0 | T11: 0 | U11: 0 | V11: =IFERROR(SUM(Q11:U11)/(5*P11),0) | W11: Not started | Y11: =IF(X11="","",X11-P11)
A12: Eating & drinking | B12: Food trucks & street food | C12: street-food | D12: 0 | E12: 0 | F12: 0 | G12: 0 | H12: 0 | I12: 0 | J12: 0 | K12: 0 | L12: 0 | M12: =IFERROR(SUM(E12:L12)/(8*D12),0) | N12: 0 | O12: 0 | P12: 0 | Q12: 0 | R12: 0 | S12: 0 | T12: 0 | U12: 0 | V12: =IFERROR(SUM(Q12:U12)/(5*P12),0) | W12: Not started | Y12: =IF(X12="","",X12-P12)
A13: Eating & drinking | B13: Specialty food shops | C13: specialty-food | D13: 0 | E13: 0 | F13: 0 | G13: 0 | H13: 0 | I13: 0 | J13: 0 | K13: 0 | L13: 0 | M13: =IFERROR(SUM(E13:L13)/(8*D13),0) | N13: 0 | O13: 0 | P13: 0 | Q13: 0 | R13: 0 | S13: 0 | T13: 0 | U13: 0 | V13: =IFERROR(SUM(Q13:U13)/(5*P13),0) | W13: Not started | Y13: =IF(X13="","",X13-P13)
A14: Eating & drinking | B14: Supermarkets & grocery | C14: supermarkets | D14: 0 | E14: 0 | F14: 0 | G14: 0 | H14: 0 | I14: 0 | J14: 0 | K14: 0 | L14: 0 | M14: =IFERROR(SUM(E14:L14)/(8*D14),0) | N14: 0 | O14: 51 | P14: 817 | Q14: 504 | R14: 776 | S14: 800 | T14: 817 | U14: 709 | V14: =IFERROR(SUM(Q14:U14)/(5*P14),0) | W14: Discovering | Y14: =IF(X14="","",X14-P14)
A15: Eating & drinking | B15: Juice bars & smoothies | C15: juice-bars | D15: 0 | E15: 0 | F15: 0 | G15: 0 | H15: 0 | I15: 0 | J15: 0 | K15: 0 | L15: 0 | M15: =IFERROR(SUM(E15:L15)/(8*D15),0) | N15: 0 | O15: 51 | P15: 517 | Q15: 301 | R15: 470 | S15: 504 | T15: 517 | U15: 404 | V15: =IFERROR(SUM(Q15:U15)/(5*P15),0) | W15: Discovering | Y15: =IF(X15="","",X15-P15)
A16: Eating & drinking | B16: Caterers | C16: caterers | D16: 0 | E16: 0 | F16: 0 | G16: 0 | H16: 0 | I16: 0 | J16: 0 | K16: 0 | L16: 0 | M16: =IFERROR(SUM(E16:L16)/(8*D16),0) | N16: 0 | O16: 0 | P16: 0 | Q16: 0 | R16: 0 | S16: 0 | T16: 0 | U16: 0 | V16: =IFERROR(SUM(Q16:U16)/(5*P16),0) | W16: Not started | Y16: =IF(X16="","",X16-P16)
A17: Health & hygiene | B17: General clinics & medical centres | C17: general-clinics | D17: 1044 | E17: 782 | F17: 767 | G17: 683 | H17: 0 | I17: 0 | J17: 0 | K17: 0 | L17: 0 | M17: =IFERROR(SUM(E17:L17)/(8*D17),0) | N17: 0 | O17: 94 | P17: 1375 | Q17: 1137 | R17: 1325 | S17: 1308 | T17: 1375 | U17: 1123 | V17: =IFERROR(SUM(Q17:U17)/(5*P17),0) | W17: Discovering | Y17: =IF(X17="","",X17-P17)
... A72: Lifecycle events | B72: Catering & event entertainment | C72: event-catering | D72: 0 | E72: 0 | F72: 0 | G72: 0 | H72: 0 | I72: 0 | J72: 0 | K72: 0 | L72: 0 | M72: =IFERROR(SUM(E72:L72)/(8*D72),0) | N72: 0 | O72: 0 | P72: 0 | Q72: 0 | R72: 0 | S72: 0 | T72: 0 | U72: 0 | V72: =IFERROR(SUM(Q72:U72)/(5*P72),0) | W72: Not started | Y72: =IF(X72="","",X72-P72)
A73: TOTAL | C73: TOTAL | D73: =SUM(D6:D72) | E73: =SUM(E6:E72) | F73: =SUM(F6:F72) | G73: =SUM(G6:G72) | H73: =SUM(H6:H72) | I73: =SUM(I6:I72) | J73: =SUM(J6:J72) | K73: =SUM(K6:K72) | L73: =SUM(L6:L72) | M73: =IFERROR(SUM(E73:L73)/(8*D73),0) | N73: =SUM(N6:N72) | O73: =SUM(O6:O72) | P73: =SUM(P6:P72) | Q73: =SUM(Q6:Q72) | R73: =SUM(R6:R72) | S73: =SUM(S6:S72) | T73: =SUM(T6:T72) | U73: =SUM(U6:U72) | V73: =IFERROR(SUM(Q73:U73)/(5*P73),0) | X73: =SUM(X6:X72) | Y73: =IF(X73=0,"",X73-P73)

Sheet Summary
A1: Summary
A3: Current database
A4: Businesses in database | B4: =Tracker!D73
A5: …of which legacy (old scraped list, to be replaced) | B5: 11039
A6: DB data completeness | B6: =Tracker!M73
A7: Published reviews | B7: =Tracker!N73
A8: Categories with businesses | B8: =COUNTIF(Tracker!D6:D72,">0")
A10: SerpAPI discovery
A11: Places found (not yet imported) | B11: =Tracker!P73
A12: Discovery data completeness | B12: =Tracker!V73
A13: Categories with discovery started | B13: =COUNTIF(Tracker!P6:P72,">0")
A15: SerpAPI budget
A16: Monthly searches on plan | B16: 5000
A17: Searches spent (all runs in data/serp/) | B17: =Tracker!O73
A18: Searches left this month (SerpAPI account) | B18: 3986

Sheet SerpAPI runs
A1: Run | B1: Last search date | C1: Searches spent | D1: Unique places found
A2: full-uae | B2: 2026-10-21 | C2: 917 | D2: 10776
A3: pilot-dubai | B3: 2026-10-21 | C3: 97 | D3: 1621
A4: TOTAL | C4: =SUM(C2:C3) | D4: =SUM(D2:D3)
A5: Unique places per run; the Tracker deduplicates across runs, so its total can be lower.

Sheet Legend
A1: How to read this tracker
A2: Tracker: one row per category in the app (life moment → category). Grey/blue/green/yellow header bands group the columns.
A3: Current database (live): businesses currently in the app and how many have each piece of data. "-" means zero.
A4: SerpAPI discovery: businesses found on Google Maps via SerpAPI, saved locally and NOT yet imported into the app.
A5: Completeness %: share of data fields filled. Red = mostly missing, yellow = half, green = complete.
A7: What you can edit
A8: Only the yellow cells in the "Plan" columns: Status (drop-down), Target # businesses, Notes. They are kept when the tracker is refreshed.
A9: Example: Status = Discovered, Target # businesses = 400, Notes = "Skip food courts; include cloud kitchens?"
A10: Summary → "Monthly searches on plan" (blue) is the SerpAPI plan size — change it if the plan changes.
A12: How to refresh
A13: Ask Claude to "refresh the data tracker", or run: python scripts/data_tracker.py (in the reviewencer folder).
A15: Notes
... A17: Google ratings/review counts are used only to filter and rank discovery results; they are never shown as Reviewencer ratings.
